{
    "_COMMENT": "First version for release-08",

    "uniqueID": {
	"INFO": { "source": "exp24run1726",
		  "special": "7types",
		  "tag": "rel08-v1"
		}
    },

    "_DESCRIPTION": [
	"Shift of svdCluster time depending on the cluster size.",
	"To be subtracted from calibrated cluster time."
    ],

    "shiftValues" : {
	"L3-V" : [2.419341,0.620475,-0.148388,-0.250681,-0.342384,-0.767006],
	"L3-U" : [5.041653,2.176809,0.372169,-0.626996,-1.430431,-2.353218],
	"L4-Forward-V" : [1.868864,1.208952,-0.167238,-0.902733,-0.718371,-0.990978],
	"L4-Forward-U" : [4.540823,1.994620,0.445690,-0.653059,-1.265366,-1.596736],
	"L4-Barrel-V" : [0.692067,0.314943,-0.312047,-0.751508,-0.884923,-1.069441],
	"L4-Barrel-U" : [4.516634,1.541647,-0.513629,-1.625776,-2.346230,-2.730081],
	"L5-Forward-V" : [1.805051,1.294939,-0.013474,-0.598563,-0.439644,-0.880523],
	"L5-Forward-U" : [4.328991,1.998393,0.388105,-0.741795,-1.237163,-1.499618],
	"L5-Barrel-V" : [0.463559,0.354816,-0.064057,-0.448313,-0.642591,-0.815643],
	"L5-Barrel-U" : [4.721206,1.546167,-0.390431,-1.493744,-2.283468,-2.723728],
	"L6-Forward-V" : [1.883560,1.089156,-0.255383,-0.519100,-0.579486,-0.901193],
	"L6-Forward-U" : [4.386886,1.860104,0.202818,-0.898828,-1.334552,-1.654410],
	"L6-Barrel-V" : [0.649079,0.177205,0.085364,-0.179719,-0.398584,-0.443285],
	"L6-Barrel-U" : [4.551224,1.354654,-0.463453,-1.413168,-2.137266,-2.480557]
    }

}
