{
    "_COMMENT": "First version for release-08",

    "uniqueID": {
	"INFO": { "source": "exp24run1726",
		  "useFor": "CoG3",
		  "config": "7typesOfSensors",
		  "tag": "rel08-v1"
		}
    },

    "shiftValues" : {
	"CoG3" : {
	    "L3-V" : [2.380559,0.573446,-0.141789,-0.239023,-0.343720,-0.764455],
	    "L3-U" : [5.048989,2.140151,0.401559,-0.554135,-1.387249,-2.287134],
	    "L4-Forward-V" : [1.876684,1.203451,-0.164347,-0.889425,-0.694298,-0.948951],
	    "L4-Forward-U" : [4.556858,1.983919,0.443191,-0.643008,-1.264909,-1.586728],
	    "L4-Barrel-V" : [0.661533,0.282139,-0.297147,-0.744153,-0.861145,-0.890359],
	    "L4-Barrel-U" : [4.463708,1.474807,-0.531327,-1.622777,-2.276277,-2.625734],
	    "L5-Forward-V" : [1.768786,1.298396,-0.006128,-0.591275,-0.426057,-0.754245],
	    "L5-Forward-U" : [4.360516,1.993354,0.382634,-0.737309,-1.246696,-1.491019],
	    "L5-Barrel-V" : [0.435329,0.327887,-0.058725,-0.438311,-0.649432,-0.699690],
	    "L5-Barrel-U" : [4.646503,1.494233,-0.398678,-1.484056,-2.249305,-2.650681],
	    "L6-Forward-V" : [2.102968,1.095411,-0.245101,-0.518440,-0.476088,-0.842735],
	    "L6-Forward-U" : [4.388110,1.848619,0.191473,-0.904930,-1.317983,-1.642375],
	    "L6-Barrel-V" : [0.616527,0.149934,0.091745,-0.168930,-0.380829,-0.464375],
	    "L6-Barrel-U" : [4.459367,1.300609,-0.472096,-1.397750,-2.073997,-2.442592]
	}
    }

}
