{
    "_COMMENT": "First version for release-08",

    "parsForCoG3In3Samples": {"acceptSigmaN": 5,
			      "clsSigma": [[[3.7178498755720244, 3.2766114163914097, 2.9933839399498687, 3.192854585025389, 3.4231985099720705, 4.596273564681618],
					    [5.652063231172795, 4.305747337072557, 3.887858851432654, 3.8348911402662016, 4.744812933373837, 8.076628585997693]],
					   [[6.595753349158514, 3.450568794187664, 3.611459378184353, 4.685219263740614, 5.968570750526815, 8.426459823229452],
					    [6.798738045876074, 3.362273348651416, 3.360414706026513, 4.306569465460443, 6.0950031149096855, 9.013405926547847]],
					   [[3.9398390625592916, 3.036025875364224, 2.6083151340114203, 3.8037134547394915, 5.687435210706883, 7.343589863251796],
					    [4.791299019205028, 3.8731820534748453, 3.7949234514465195, 4.305370962923897, 5.473248265611222, 7.553253519737509]]],
			      "expectedSignalTime": [-25, 0, 40],
			      "fillSigmaN": 3,
			      "fitRangeHalfWidth": 5,
			      "formSingleSignalGroup": 0,
			      "fracThreshold": 0.05,
			      "includeOutOfRangeClusters": 1,
			      "limitSigma": [1, 15],
			      "maxGroups": 20,
			      "numberOfSignalGroups": 1,
			      "rebinningFactor": 2,
			      "removeSigmaN": 5,
			      "signalLifetime": 30,
			      "tRange": [-160, 160],
			      "writeGroupInfo": 1},

    "parsForCoG3In6Samples": {"acceptSigmaN": 6,
			      "clsSigma": [[[3.7178498755720244, 3.2766114163914097, 2.9933839399498687, 3.192854585025389, 3.4231985099720705, 4.596273564681618],
					    [5.652063231172795, 4.305747337072557, 3.887858851432654, 3.8348911402662016, 4.744812933373837, 8.076628585997693]],
					   [[6.595753349158514, 3.450568794187664, 3.611459378184353, 4.685219263740614, 5.968570750526815, 8.426459823229452],
					    [6.798738045876074, 3.362273348651416, 3.360414706026513, 4.306569465460443, 6.0950031149096855, 9.013405926547847]],
					   [[3.9398390625592916, 3.036025875364224, 2.6083151340114203, 3.8037134547394915, 5.687435210706883, 7.343589863251796],
					    [4.791299019205028, 3.8731820534748453, 3.7949234514465195, 4.305370962923897, 5.473248265611222, 7.553253519737509]]],
			      "expectedSignalTime": [-50, 0, 50],
			      "fillSigmaN": 3,
			      "fitRangeHalfWidth": 5,
			      "formSingleSignalGroup": 0,
			      "fracThreshold": 0.05,
			      "includeOutOfRangeClusters": 1,
			      "limitSigma": [1, 15],
			      "maxGroups": 20,
			      "numberOfSignalGroups": 1,
			      "rebinningFactor": 2,
			      "removeSigmaN": 5,
			      "signalLifetime": 30,
			      "tRange": [-160, 160],
			      "writeGroupInfo": 1},

    "parsForCoG6In3Samples": {"acceptSigmaN": 6,
			      "clsSigma": [[[3.7178498755720244, 3.2766114163914097, 2.9933839399498687, 3.192854585025389, 3.4231985099720705, 4.596273564681618],
					    [5.652063231172795, 4.305747337072557, 3.887858851432654, 3.8348911402662016, 4.744812933373837, 8.076628585997693]],
					   [[6.595753349158514, 3.450568794187664, 3.611459378184353, 4.685219263740614, 5.968570750526815, 8.426459823229452],
					    [6.798738045876074, 3.362273348651416, 3.360414706026513, 4.306569465460443, 6.0950031149096855, 9.013405926547847]],
					   [[3.9398390625592916, 3.036025875364224, 2.6083151340114203, 3.8037134547394915, 5.687435210706883, 7.343589863251796],
					    [4.791299019205028, 3.8731820534748453, 3.7949234514465195, 4.305370962923897, 5.473248265611222, 7.553253519737509]]],
			      "expectedSignalTime": [-50, 0, 50],
			      "fillSigmaN": 3,
			      "fitRangeHalfWidth": 5,
			      "formSingleSignalGroup": 0,
			      "fracThreshold": 0.05,
			      "includeOutOfRangeClusters": 1,
			      "limitSigma": [1, 15],
			      "maxGroups": 20,
			      "numberOfSignalGroups": 1,
			      "rebinningFactor": 2,
			      "removeSigmaN": 5,
			      "signalLifetime": 30,
			      "tRange": [-160, 160],
			      "writeGroupInfo": 1},

    "parsForCoG6In6Samples": {"acceptSigmaN": 6,
			      "clsSigma": [[[3.7178498755720244, 3.2766114163914097, 2.9933839399498687, 3.192854585025389, 3.4231985099720705, 4.596273564681618],
					    [5.652063231172795, 4.305747337072557, 3.887858851432654, 3.8348911402662016, 4.744812933373837, 8.076628585997693]],
					   [[6.595753349158514, 3.450568794187664, 3.611459378184353, 4.685219263740614, 5.968570750526815, 8.426459823229452],
					    [6.798738045876074, 3.362273348651416, 3.360414706026513, 4.306569465460443, 6.0950031149096855, 9.013405926547847]],
					   [[3.9398390625592916, 3.036025875364224, 2.6083151340114203, 3.8037134547394915, 5.687435210706883, 7.343589863251796],
					    [4.791299019205028, 3.8731820534748453, 3.7949234514465195, 4.305370962923897, 5.473248265611222, 7.553253519737509]]],
			      "expectedSignalTime": [-50, 0, 50],
			      "fillSigmaN": 3,
			      "fitRangeHalfWidth": 5,
			      "formSingleSignalGroup": 0,
			      "fracThreshold": 0.05,
			      "includeOutOfRangeClusters": 1,
			      "limitSigma": [1, 15],
			      "maxGroups": 20,
			      "numberOfSignalGroups": 1,
			      "rebinningFactor": 2,
			      "removeSigmaN": 5,
			      "signalLifetime": 30,
			      "tRange": [-160, 160],
			      "writeGroupInfo": 1},

    "parsForELS3In3Samples": {"acceptSigmaN": 6,
			      "clsSigma": [[[3.7178498755720244, 3.2766114163914097, 2.9933839399498687, 3.192854585025389, 3.4231985099720705, 4.596273564681618],
					    [5.652063231172795, 4.305747337072557, 3.887858851432654, 3.8348911402662016, 4.744812933373837, 8.076628585997693]],
					   [[6.595753349158514, 3.450568794187664, 3.611459378184353, 4.685219263740614, 5.968570750526815, 8.426459823229452],
					    [6.798738045876074, 3.362273348651416, 3.360414706026513, 4.306569465460443, 6.0950031149096855, 9.013405926547847]],
					   [[3.9398390625592916, 3.036025875364224, 2.6083151340114203, 3.8037134547394915, 5.687435210706883, 7.343589863251796],
					    [4.791299019205028, 3.8731820534748453, 3.7949234514465195, 4.305370962923897, 5.473248265611222, 7.553253519737509]]],
			      "expectedSignalTime": [-50, 0, 50],
			      "fillSigmaN": 3,
			      "fitRangeHalfWidth": 5,
			      "formSingleSignalGroup": 0,
			      "fracThreshold": 0.05,
			      "includeOutOfRangeClusters": 1,
			      "limitSigma": [1, 15],
			      "maxGroups": 20,
			      "numberOfSignalGroups": 1,
			      "rebinningFactor": 2,
			      "removeSigmaN": 5,
			      "signalLifetime": 30,
			      "tRange": [-160, 160],
			      "writeGroupInfo": 1},

    "parsForELS3In6Samples": {"acceptSigmaN": 6,
			      "clsSigma": [[[3.7178498755720244, 3.2766114163914097, 2.9933839399498687, 3.192854585025389, 3.4231985099720705, 4.596273564681618],
					    [5.652063231172795, 4.305747337072557, 3.887858851432654, 3.8348911402662016, 4.744812933373837, 8.076628585997693]],
					   [[6.595753349158514, 3.450568794187664, 3.611459378184353, 4.685219263740614, 5.968570750526815, 8.426459823229452],
					    [6.798738045876074, 3.362273348651416, 3.360414706026513, 4.306569465460443, 6.0950031149096855, 9.013405926547847]],
					   [[3.9398390625592916, 3.036025875364224, 2.6083151340114203, 3.8037134547394915, 5.687435210706883, 7.343589863251796],
					    [4.791299019205028, 3.8731820534748453, 3.7949234514465195, 4.305370962923897, 5.473248265611222, 7.553253519737509]]],
			      "expectedSignalTime": [-50, 0, 50],
			      "fillSigmaN": 3,
			      "fitRangeHalfWidth": 5,
			      "formSingleSignalGroup": 0,
			      "fracThreshold": 0.05,
			      "includeOutOfRangeClusters": 1,
			      "limitSigma": [1, 15],
			      "maxGroups": 20,
			      "numberOfSignalGroups": 1,
			      "rebinningFactor": 2,
			      "removeSigmaN": 5,
			      "signalLifetime": 30,
			      "tRange": [-160, 160],
			      "writeGroupInfo": 1}
}
