{
    "_COMMENT": "First version for release-08",

    "uniqueID": {
	"INFO": { "source": "MC",
		  "usedFor": "CoG3",
		  "tag": "rel08-v1"
		}
    },

    "_DESCRIPTION": [
	"Details about clsSigma :",
	"Residual of svdClusterTime (w.r.t. cdcEventT0) is fitted with the following function.",
	"Normalized double-gaussian = (-N*(1-f)*%e^(-(x-c)^2/(2*d^2))-N*f*%e^(-(x-a)^2/(2*b^2)))/(sqrt(2)*sqrt(%pi)*N*((d-b)*f-d))",
	"The resolution of the smaller gaussian (b) is accepted to use in SVD Cluster Grouping.",
	"Resolution is calculated for 3 types, 2 sides of sensors, and also for 6 cluster sizes.",
	"TYPEs -> 0: L3, 1: Sensor 1 of L456, 2: Other Sensors of L456",
	"SIDEs -> 0: V, 1: U"
    ],

    "parsForCoG3In3Samples": {
	"_COMMENT": "roughly estimated",
	"acceptSigmaN": 5,
	"clsSigma": [[[2.0416991166691236, 2.360613688987707, 2.1914497716857984, 1.981012966278192, 1.8042171065257078, 1.6204728453169297],
		      [3.58804699995663, 3.4525792094377556, 2.9363106432863266, 2.6833549427992787, 2.5342069757206476, 2.2895310103309585]],
		     [[2.1069499260943383, 2.052958357534184, 1.9895505851645279, 1.8720107614588672, 1.6452598699302612, 1.5904707325176404],
		      [3.391858274539902, 2.2280311319034154, 2.117726943320176, 2.085184228466165, 1.9967582125806562, 1.9913973265497624]],
		     [[1.686329885823116, 1.9919508170100562, 1.8497745504283956, 1.77372921564042, 1.632046322040563, 1.562953208594513],
		      [3.2798393192895317, 3.2242993072920645, 2.9404385195553937, 2.7911493057272807, 2.6331351001027175, 2.566566502477274]]],
	"expectedSignalTime": [-15, 0, 30],
	"fillSigmaN": 3,
	"fitRangeHalfWidth": 5,
	"formSingleSignalGroup": 0,
	"fracThreshold": 0.05,
	"includeOutOfRangeClusters": 1,
	"limitSigma": [1, 15],
	"maxGroups": 20,
	"numberOfSignalGroups": 1,
	"rebinningFactor": 2,
	"removeSigmaN": 5,
	"signalLifetime": 30,
	"tRange": [-160, 160],
	"writeGroupInfo": 1},

    "parsForCoG3In6Samples": {
	"_COMMENT": "estimated",
	"acceptSigmaN": 7,
	"clsSigma": [[[2.0416991166691236, 2.360613688987707, 2.1914497716857984, 1.981012966278192, 1.8042171065257078, 1.6204728453169297],
		      [3.58804699995663, 3.4525792094377556, 2.9363106432863266, 2.6833549427992787, 2.5342069757206476, 2.2895310103309585]],
		     [[2.1069499260943383, 2.052958357534184, 1.9895505851645279, 1.8720107614588672, 1.6452598699302612, 1.5904707325176404],
		      [3.391858274539902, 2.2280311319034154, 2.117726943320176, 2.085184228466165, 1.9967582125806562, 1.9913973265497624]],
		     [[1.686329885823116, 1.9919508170100562, 1.8497745504283956, 1.77372921564042, 1.632046322040563, 1.562953208594513],
		      [3.2798393192895317, 3.2242993072920645, 2.9404385195553937, 2.7911493057272807, 2.6331351001027175, 2.566566502477274]]],
	"expectedSignalTime": [-50, 0, 50],
	"fillSigmaN": 3,
	"fitRangeHalfWidth": 5,
	"formSingleSignalGroup": 0,
	"fracThreshold": 0.05,
	"includeOutOfRangeClusters": 1,
	"limitSigma": [1, 15],
	"maxGroups": 20,
	"numberOfSignalGroups": 1,
	"rebinningFactor": 2,
	"removeSigmaN": 5,
	"signalLifetime": 30,
	"tRange": [-160, 160],
	"writeGroupInfo": 1},

    "parsForCoG6In3Samples": {
	"_COMMENT": "copied from parsForCoG3In3Samples",
	"acceptSigmaN": 5,
	"clsSigma": [[[2.0416991166691236, 2.360613688987707, 2.1914497716857984, 1.981012966278192, 1.8042171065257078, 1.6204728453169297],
		      [3.58804699995663, 3.4525792094377556, 2.9363106432863266, 2.6833549427992787, 2.5342069757206476, 2.2895310103309585]],
		     [[2.1069499260943383, 2.052958357534184, 1.9895505851645279, 1.8720107614588672, 1.6452598699302612, 1.5904707325176404],
		      [3.391858274539902, 2.2280311319034154, 2.117726943320176, 2.085184228466165, 1.9967582125806562, 1.9913973265497624]],
		     [[1.686329885823116, 1.9919508170100562, 1.8497745504283956, 1.77372921564042, 1.632046322040563, 1.562953208594513],
		      [3.2798393192895317, 3.2242993072920645, 2.9404385195553937, 2.7911493057272807, 2.6331351001027175, 2.566566502477274]]],
	"expectedSignalTime": [-15, 0, 30],
	"fillSigmaN": 3,
	"fitRangeHalfWidth": 5,
	"formSingleSignalGroup": 0,
	"fracThreshold": 0.05,
	"includeOutOfRangeClusters": 1,
	"limitSigma": [1, 15],
	"maxGroups": 20,
	"numberOfSignalGroups": 1,
	"rebinningFactor": 2,
	"removeSigmaN": 5,
	"signalLifetime": 30,
	"tRange": [-160, 160],
	"writeGroupInfo": 1},

    "parsForCoG6In6Samples": {
	"_COMMENT": "copied from parsForCoG3In6Samples",
	"acceptSigmaN": 7,
	"clsSigma": [[[2.0416991166691236, 2.360613688987707, 2.1914497716857984, 1.981012966278192, 1.8042171065257078, 1.6204728453169297],
		      [3.58804699995663, 3.4525792094377556, 2.9363106432863266, 2.6833549427992787, 2.5342069757206476, 2.2895310103309585]],
		     [[2.1069499260943383, 2.052958357534184, 1.9895505851645279, 1.8720107614588672, 1.6452598699302612, 1.5904707325176404],
		      [3.391858274539902, 2.2280311319034154, 2.117726943320176, 2.085184228466165, 1.9967582125806562, 1.9913973265497624]],
		     [[1.686329885823116, 1.9919508170100562, 1.8497745504283956, 1.77372921564042, 1.632046322040563, 1.562953208594513],
		      [3.2798393192895317, 3.2242993072920645, 2.9404385195553937, 2.7911493057272807, 2.6331351001027175, 2.566566502477274]]],
	"expectedSignalTime": [-50, 0, 50],
	"fillSigmaN": 3,
	"fitRangeHalfWidth": 5,
	"formSingleSignalGroup": 0,
	"fracThreshold": 0.05,
	"includeOutOfRangeClusters": 1,
	"limitSigma": [1, 15],
	"maxGroups": 20,
	"numberOfSignalGroups": 1,
	"rebinningFactor": 2,
	"removeSigmaN": 5,
	"signalLifetime": 30,
	"tRange": [-160, 160],
	"writeGroupInfo": 1},

    "parsForELS3In3Samples": {
	"_COMMENT": "copied from parsForCoG3In3Samples",
	"acceptSigmaN": 5,
	"clsSigma": [[[2.0416991166691236, 2.360613688987707, 2.1914497716857984, 1.981012966278192, 1.8042171065257078, 1.6204728453169297],
		      [3.58804699995663, 3.4525792094377556, 2.9363106432863266, 2.6833549427992787, 2.5342069757206476, 2.2895310103309585]],
		     [[2.1069499260943383, 2.052958357534184, 1.9895505851645279, 1.8720107614588672, 1.6452598699302612, 1.5904707325176404],
		      [3.391858274539902, 2.2280311319034154, 2.117726943320176, 2.085184228466165, 1.9967582125806562, 1.9913973265497624]],
		     [[1.686329885823116, 1.9919508170100562, 1.8497745504283956, 1.77372921564042, 1.632046322040563, 1.562953208594513],
		      [3.2798393192895317, 3.2242993072920645, 2.9404385195553937, 2.7911493057272807, 2.6331351001027175, 2.566566502477274]]],
	"expectedSignalTime": [-15, 0, 30],
	"fillSigmaN": 3,
	"fitRangeHalfWidth": 5,
	"formSingleSignalGroup": 0,
	"fracThreshold": 0.05,
	"includeOutOfRangeClusters": 1,
	"limitSigma": [1, 15],
	"maxGroups": 20,
	"numberOfSignalGroups": 1,
	"rebinningFactor": 2,
	"removeSigmaN": 5,
	"signalLifetime": 30,
	"tRange": [-160, 160],
	"writeGroupInfo": 1},

    "parsForELS3In6Samples": {
	"_COMMENT": "copied from parsForCoG6In6Samples",
	"acceptSigmaN": 7,
	"clsSigma": [[[2.0416991166691236, 2.360613688987707, 2.1914497716857984, 1.981012966278192, 1.8042171065257078, 1.6204728453169297],
		      [3.58804699995663, 3.4525792094377556, 2.9363106432863266, 2.6833549427992787, 2.5342069757206476, 2.2895310103309585]],
		     [[2.1069499260943383, 2.052958357534184, 1.9895505851645279, 1.8720107614588672, 1.6452598699302612, 1.5904707325176404],
		      [3.391858274539902, 2.2280311319034154, 2.117726943320176, 2.085184228466165, 1.9967582125806562, 1.9913973265497624]],
		     [[1.686329885823116, 1.9919508170100562, 1.8497745504283956, 1.77372921564042, 1.632046322040563, 1.562953208594513],
		      [3.2798393192895317, 3.2242993072920645, 2.9404385195553937, 2.7911493057272807, 2.6331351001027175, 2.566566502477274]]],
	"expectedSignalTime": [-50, 0, 50],
	"fillSigmaN": 3,
	"fitRangeHalfWidth": 5,
	"formSingleSignalGroup": 0,
	"fracThreshold": 0.05,
	"includeOutOfRangeClusters": 1,
	"limitSigma": [1, 15],
	"maxGroups": 20,
	"numberOfSignalGroups": 1,
	"rebinningFactor": 2,
	"removeSigmaN": 5,
	"signalLifetime": 30,