{
    "_COMMENT": "First version for release-08",

    "parsForCoG3In3Samples": {"acceptSigmaN": 5,
			      "clsSigma": [[[3.49898, 2.94008, 3.46766, 5.3746, 6.68848, 7.35446, 7.35983, 7.71601, 10.6172, 13.4805],
                                            [6.53642, 3.76216, 3.30086, 3.95969, 5.49408, 7.07294, 8.35687, 8.94839, 9.23135, 10.485]],
                                           [[3.49898, 2.94008, 3.46766, 5.3746, 6.68848, 7.35446, 7.35983, 7.71601, 10.6172, 13.4805],
					    [6.53642, 3.76216, 3.30086, 3.95969, 5.49408, 7.07294, 8.35687, 8.94839, 9.23135, 10.485]],
					   [[3.49898, 2.94008, 3.46766, 5.3746, 6.68848, 7.35446, 7.35983, 7.71601, 10.6172, 13.4805],
                                            [6.53642, 3.76216, 3.30086, 3.95969, 5.49408, 7.07294, 8.35687, 8.94839, 9.23135, 10.485]]],
			      "expectedSignalTime": [-50, 0, 50],
			      "fillSigmaN": 3,
			      "fitRangeHalfWidth": 5,
			      "formSingleSignalGroup": 0,
			      "fracThreshold": 0.05,
			      "includeOutOfRangeClusters": 1,
			      "limitSigma": [1, 15],
			      "maxGroups": 20,
			      "numberOfSignalGroups": 1,
			      "rebinningFactor": 2,
			      "removeSigmaN": 5,
			      "signalLifetime": 30,
			      "tRange": [-160, 160],
			      "writeGroupInfo": 1},

    "parsForCoG3In6Samples": {"acceptSigmaN": 5,
			      "clsSigma": [[[3.49898, 2.94008, 3.46766, 5.3746, 6.68848, 7.35446, 7.35983, 7.71601, 10.6172, 13.4805],
                                            [6.53642, 3.76216, 3.30086, 3.95969, 5.49408, 7.07294, 8.35687, 8.94839, 9.23135, 10.485]],
                                           [[3.49898, 2.94008, 3.46766, 5.3746, 6.68848, 7.35446, 7.35983, 7.71601, 10.6172, 13.4805],
					    [6.53642, 3.76216, 3.30086, 3.95969, 5.49408, 7.07294, 8.35687, 8.94839, 9.23135, 10.485]],
					   [[3.49898, 2.94008, 3.46766, 5.3746, 6.68848, 7.35446, 7.35983, 7.71601, 10.6172, 13.4805],
                                            [6.53642, 3.76216, 3.30086, 3.95969, 5.49408, 7.07294, 8.35687, 8.94839, 9.23135, 10.485]]],
			      "expectedSignalTime": [-50, 0, 50],
			      "fillSigmaN": 3,
			      "fitRangeHalfWidth": 5,
			      "formSingleSignalGroup": 0,
			      "fracThreshold": 0.05,
			      "includeOutOfRangeClusters": 1,
			      "limitSigma": [1, 15],
			      "maxGroups": 20,
			      "numberOfSignalGroups": 1,
			      "rebinningFactor": 2,
			      "removeSigmaN": 5,
			      "signalLifetime": 30,
			      "tRange": [-160, 160],
			      "writeGroupInfo": 1},

    "parsForCoG6In3Samples": {"acceptSigmaN": 5,
			      "clsSigma": [[[3.49898, 2.94008, 3.46766, 5.3746, 6.68848, 7.35446, 7.35983, 7.71601, 10.6172, 13.4805],
                                            [6.53642, 3.76216, 3.30086, 3.95969, 5.49408, 7.07294, 8.35687, 8.94839, 9.23135, 10.485]],
                                           [[3.49898, 2.94008, 3.46766, 5.3746, 6.68848, 7.35446, 7.35983, 7.71601, 10.6172, 13.4805],
					    [6.53642, 3.76216, 3.30086, 3.95969, 5.49408, 7.07294, 8.35687, 8.94839, 9.23135, 10.485]],
					   [[3.49898, 2.94008, 3.46766, 5.3746, 6.68848, 7.35446, 7.35983, 7.71601, 10.6172, 13.4805],
                                            [6.53642, 3.76216, 3.30086, 3.95969, 5.49408, 7.07294, 8.35687, 8.94839, 9.23135, 10.485]]],
			      "expectedSignalTime": [-50, 0, 50],
			      "fillSigmaN": 3,
			      "fitRangeHalfWidth": 5,
			      "formSingleSignalGroup": 0,
			      "fracThreshold": 0.05,
			      "includeOutOfRangeClusters": 1,
			      "limitSigma": [1, 15],
			      "maxGroups": 20,
			      "numberOfSignalGroups": 1,
			      "rebinningFactor": 2,
			      "removeSigmaN": 5,
			      "signalLifetime": 30,
			      "tRange": [-160, 160],
			      "writeGroupInfo": 1},

    "parsForCoG6In6Samples": {"acceptSigmaN": 5,
			      "clsSigma": [[[3.49898, 2.94008, 3.46766, 5.3746, 6.68848, 7.35446, 7.35983, 7.71601, 10.6172, 13.4805],
                                            [6.53642, 3.76216, 3.30086, 3.95969, 5.49408, 7.07294, 8.35687, 8.94839, 9.23135, 10.485]],
                                           [[3.49898, 2.94008, 3.46766, 5.3746, 6.68848, 7.35446, 7.35983, 7.71601, 10.6172, 13.4805],
					    [6.53642, 3.76216, 3.30086, 3.95969, 5.49408, 7.07294, 8.35687, 8.94839, 9.23135, 10.485]],
					   [[3.49898, 2.94008, 3.46766, 5.3746, 6.68848, 7.35446, 7.35983, 7.71601, 10.6172, 13.4805],
                                            [6.53642, 3.76216, 3.30086, 3.95969, 5.49408, 7.07294, 8.35687, 8.94839, 9.23135, 10.485]]],
			      "expectedSignalTime": [-50, 0, 50],
			      "fillSigmaN": 3,
			      "fitRangeHalfWidth": 5,
			      "formSingleSignalGroup": 0,
			      "fracThreshold": 0.05,
			      "includeOutOfRangeClusters": 1,
			      "limitSigma": [1, 15],
			      "maxGroups": 20,
			      "numberOfSignalGroups": 1,
			      "rebinningFactor": 2,
			      "removeSigmaN": 5,
			      "signalLifetime": 30,
			      "tRange": [-160, 160],
			      "writeGroupInfo": 1},

    "parsForELS3In3Samples": {"acceptSigmaN": 5,
			      "clsSigma": [[[3.49898, 2.94008, 3.46766, 5.3746, 6.68848, 7.35446, 7.35983, 7.71601, 10.6172, 13.4805],
                                            [6.53642, 3.76216, 3.30086, 3.95969, 5.49408, 7.07294, 8.35687, 8.94839, 9.23135, 10.485]],
                                           [[3.49898, 2.94008, 3.46766, 5.3746, 6.68848, 7.35446, 7.35983, 7.71601, 10.6172, 13.4805],
					    [6.53642, 3.76216, 3.30086, 3.95969, 5.49408, 7.07294, 8.35687, 8.94839, 9.23135, 10.485]],
					   [[3.49898, 2.94008, 3.46766, 5.3746, 6.68848, 7.35446, 7.35983, 7.71601, 10.6172, 13.4805],
                                            [6.53642, 3.76216, 3.30086, 3.95969, 5.49408, 7.07294, 8.35687, 8.94839, 9.23135, 10.485]]],
			      "expectedSignalTime": [-50, 0, 50],
			      "fillSigmaN": 3,
			      "fitRangeHalfWidth": 5,
			      "formSingleSignalGroup": 0,
			      "fracThreshold": 0.05,
			      "includeOutOfRangeClusters": 1,
			      "limitSigma": [1, 15],
			      "maxGroups": 20,
			      "numberOfSignalGroups": 1,
			      "rebinningFactor": 2,
			      "removeSigmaN": 5,
			      "signalLifetime": 30,
			      "tRange": [-160, 160],
			      "writeGroupInfo": 1},

    "parsForELS3In6Samples": {"acceptSigmaN": 5,
			      "clsSigma": [[[3.49898, 2.94008, 3.46766, 5.3746, 6.68848, 7.35446, 7.35983, 7.71601, 10.6172, 13.4805],
                                            [6.53642, 3.76216, 3.30086, 3.95969, 5.49408, 7.07294, 8.35687, 8.94839, 9.23135, 10.485]],
                                           [[3.49898, 2.94008, 3.46766, 5.3746, 6.68848, 7.35446, 7.35983, 7.71601, 10.6172, 13.4805],
					    [6.53642, 3.76216, 3.30086, 3.95969, 5.49408, 7.07294, 8.35687, 8.94839, 9.23135, 10.485]],
					   [[3.49898, 2.94008, 3.46766, 5.3746, 6.68848, 7.35446, 7.35983, 7.71601, 10.6172, 13.4805],
                                            [6.53642, 3.76216, 3.30086, 3.95969, 5.49408, 7.07294, 8.35687, 8.94839, 9.23135, 10.485]]],
			      "expectedSignalTime": [-50, 0, 50],
			      "fillSigmaN": 3,
			      "fitRangeHalfWidth": 5,
			      "formSingleSignalGroup": 0,
			      "fracThreshold": 0.05,
			      "includeOutOfRangeClusters": 1,
			      "limitSigma": [1, 15],
			      "maxGroups": 20,
			      "numberOfSignalGroups": 1,
			      "rebinningFactor": 2,
			      "removeSigmaN": 5,
			      "signalLifetime": 30,
			      "tRange": [-160, 160],
			      "writeGroupInfo": 1}
}
