{
    "_COMMENT": "First version for release-08",

    "parsForCoG3In3Samples": {"acceptSigmaN": 5,
			      "clsSigma": [[[2.0416991166691236, 2.360613688987707, 2.1914497716857984, 1.981012966278192, 1.8042171065257078, 1.6204728453169297],
					    [3.58804699995663, 3.4525792094377556, 2.9363106432863266, 2.6833549427992787, 2.5342069757206476, 2.2895310103309585]],
					   [[2.1069499260943383, 2.052958357534184, 1.9895505851645279, 1.8720107614588672, 1.6452598699302612, 1.5904707325176404],
					    [3.391858274539902, 2.2280311319034154, 2.117726943320176, 2.085184228466165, 1.9967582125806562, 1.9913973265497624]],
					   [[1.686329885823116, 1.9919508170100562, 1.8497745504283956, 1.77372921564042, 1.632046322040563, 1.562953208594513],
					    [3.2798393192895317, 3.2242993072920645, 2.9404385195553937, 2.7911493057272807, 2.6331351001027175, 2.566566502477274]]],
			      "expectedSignalTime": [-25, 0, 40],
			      "fillSigmaN": 3,
			      "fitRangeHalfWidth": 5,
			      "formSingleSignalGroup": 0,
			      "fracThreshold": 0.05,
			      "includeOutOfRangeClusters": 1,
			      "limitSigma": [1, 15],
			      "maxGroups": 20,
			      "numberOfSignalGroups": 1,
			      "rebinningFactor": 2,
			      "removeSigmaN": 5,
			      "signalLifetime": 30,
			      "tRange": [-160, 160],
			      "writeGroupInfo": 1},

    "parsForCoG3In6Samples": {"acceptSigmaN": 6,
			      "clsSigma": [[[2.0416991166691236, 2.360613688987707, 2.1914497716857984, 1.981012966278192, 1.8042171065257078, 1.6204728453169297],
					    [3.58804699995663, 3.4525792094377556, 2.9363106432863266, 2.6833549427992787, 2.5342069757206476, 2.2895310103309585]],
					   [[2.1069499260943383, 2.052958357534184, 1.9895505851645279, 1.8720107614588672, 1.6452598699302612, 1.5904707325176404],
					    [3.391858274539902, 2.2280311319034154, 2.117726943320176, 2.085184228466165, 1.9967582125806562, 1.9913973265497624]],
					   [[1.686329885823116, 1.9919508170100562, 1.8497745504283956, 1.77372921564042, 1.632046322040563, 1.562953208594513],
					    [3.2798393192895317, 3.2242993072920645, 2.9404385195553937, 2.7911493057272807, 2.6331351001027175, 2.566566502477274]]],
			      "expectedSignalTime": [-50, 0, 50],
			      "fillSigmaN": 3,
			      "fitRangeHalfWidth": 5,
			      "formSingleSignalGroup": 0,
			      "fracThreshold": 0.05,
			      "includeOutOfRangeClusters": 1,
			      "limitSigma": [1, 15],
			      "maxGroups": 20,
			      "numberOfSignalGroups": 1,
			      "rebinningFactor": 2,
			      "removeSigmaN": 5,
			      "signalLifetime": 30,
			      "tRange": [-160, 160],
			      "writeGroupInfo": 1},

    "parsForCoG6In3Samples": {"acceptSigmaN": 6,
			      "clsSigma": [[[2.0416991166691236, 2.360613688987707, 2.1914497716857984, 1.981012966278192, 1.8042171065257078, 1.6204728453169297],
					    [3.58804699995663, 3.4525792094377556, 2.9363106432863266, 2.6833549427992787, 2.5342069757206476, 2.2895310103309585]],
					   [[2.1069499260943383, 2.052958357534184, 1.9895505851645279, 1.8720107614588672, 1.6452598699302612, 1.5904707325176404],
					    [3.391858274539902, 2.2280311319034154, 2.117726943320176, 2.085184228466165, 1.9967582125806562, 1.9913973265497624]],
					   [[1.686329885823116, 1.9919508170100562, 1.8497745504283956, 1.77372921564042, 1.632046322040563, 1.562953208594513],
					    [3.2798393192895317, 3.2242993072920645, 2.9404385195553937, 2.7911493057272807, 2.6331351001027175, 2.566566502477274]]],
			      "expectedSignalTime": [-50, 0, 50],
			      "fillSigmaN": 3,
			      "fitRangeHalfWidth": 5,
			      "formSingleSignalGroup": 0,
			      "fracThreshold": 0.05,
			      "includeOutOfRangeClusters": 1,
			      "limitSigma": [1, 15],
			      "maxGroups": 20,
			      "numberOfSignalGroups": 1,
			      "rebinningFactor": 2,
			      "removeSigmaN": 5,
			      "signalLifetime": 30,
			      "tRange": [-160, 160],
			      "writeGroupInfo": 1},

    "parsForCoG6In6Samples": {"acceptSigmaN": 6,
			      "clsSigma": [[[2.0416991166691236, 2.360613688987707, 2.1914497716857984, 1.981012966278192, 1.8042171065257078, 1.6204728453169297],
					    [3.58804699995663, 3.4525792094377556, 2.9363106432863266, 2.6833549427992787, 2.5342069757206476, 2.2895310103309585]],
					   [[2.1069499260943383, 2.052958357534184, 1.9895505851645279, 1.8720107614588672, 1.6452598699302612, 1.5904707325176404],
					    [3.391858274539902, 2.2280311319034154, 2.117726943320176, 2.085184228466165, 1.9967582125806562, 1.9913973265497624]],
					   [[1.686329885823116, 1.9919508170100562, 1.8497745504283956, 1.77372921564042, 1.632046322040563, 1.562953208594513],
					    [3.2798393192895317, 3.2242993072920645, 2.9404385195553937, 2.7911493057272807, 2.6331351001027175, 2.566566502477274]]],
			      "expectedSignalTime": [-50, 0, 50],
			      "fillSigmaN": 3,
			      "fitRangeHalfWidth": 5,
			      "formSingleSignalGroup": 0,
			      "fracThreshold": 0.05,
			      "includeOutOfRangeClusters": 1,
			      "limitSigma": [1, 15],
			      "maxGroups": 20,
			      "numberOfSignalGroups": 1,
			      "rebinningFactor": 2,
			      "removeSigmaN": 5,
			      "signalLifetime": 30,
			      "tRange": [-160, 160],
			      "writeGroupInfo": 1},

    "parsForELS3In3Samples": {"acceptSigmaN": 6,
			      "clsSigma": [[[2.0416991166691236, 2.360613688987707, 2.1914497716857984, 1.981012966278192, 1.8042171065257078, 1.6204728453169297],
					    [3.58804699995663, 3.4525792094377556, 2.9363106432863266, 2.6833549427992787, 2.5342069757206476, 2.2895310103309585]],
					   [[2.1069499260943383, 2.052958357534184, 1.9895505851645279, 1.8720107614588672, 1.6452598699302612, 1.5904707325176404],
					    [3.391858274539902, 2.2280311319034154, 2.117726943320176, 2.085184228466165, 1.9967582125806562, 1.9913973265497624]],
					   [[1.686329885823116, 1.9919508170100562, 1.8497745504283956, 1.77372921564042, 1.632046322040563, 1.562953208594513],
					    [3.2798393192895317, 3.2242993072920645, 2.9404385195553937, 2.7911493057272807, 2.6331351001027175, 2.566566502477274]]],
			      "expectedSignalTime": [-50, 0, 50],
			      "fillSigmaN": 3,
			      "fitRangeHalfWidth": 5,
			      "formSingleSignalGroup": 0,
			      "fracThreshold": 0.05,
			      "includeOutOfRangeClusters": 1,
			      "limitSigma": [1, 15],
			      "maxGroups": 20,
			      "numberOfSignalGroups": 1,
			      "rebinningFactor": 2,
			      "removeSigmaN": 5,
			      "signalLifetime": 30,
			      "tRange": [-160, 160],
			      "writeGroupInfo": 1},

    "parsForELS3In6Samples": {"acceptSigmaN": 6,
			      "clsSigma": [[[2.0416991166691236, 2.360613688987707, 2.1914497716857984, 1.981012966278192, 1.8042171065257078, 1.6204728453169297],
					    [3.58804699995663, 3.4525792094377556, 2.9363106432863266, 2.6833549427992787, 2.5342069757206476, 2.2895310103309585]],
					   [[2.1069499260943383, 2.052958357534184, 1.9895505851645279, 1.8720107614588672, 1.6452598699302612, 1.5904707325176404],
					    [3.391858274539902, 2.2280311319034154, 2.117726943320176, 2.085184228466165, 1.9967582125806562, 1.9913973265497624]],
					   [[1.686329885823116, 1.9919508170100562, 1.8497745504283956, 1.77372921564042, 1.632046322040563, 1.562953208594513],
					    [3.2798393192895317, 3.2242993072920645, 2.9404385195553937, 2.7911493057272807, 2.6331351001027175, 2.566566502477274]]],
			      "expectedSignalTime": [-50, 0, 50],
			      "fillSigmaN": 3,
			      "fitRangeHalfWidth": 5,
			      "formSingleSignalGroup": 0,
			      "fracThreshold": 0.05,
			      "includeOutOfRangeClusters": 1,
			      "limitSigma": [1, 15],
			      "maxGroups": 20,
			      "numberOfSignalGroups": 1,
			      "rebinningFactor": 2,
			      "removeSigmaN": 5,
			      "signalLifetime": 30,
			      "tRange": [-160, 160],
			      "writeGroupInfo": 1}
}
