{
    "_COMMENT": "First version for release-08",

    "uniqueID": {
	"INFO": { "source": "exp24run1726",
		  "usedFor": "CoG3",
		  "tag": "rel08-v1"
		}
    },

    "_DESCRIPTION": [
	"Details about clsSigma :",
	"Residual of svdClusterTime (w.r.t. cdcEventT0) is fitted with the following function.",
	"Normalized double-gaussian = (-N*(1-f)*%e^(-(x-c)^2/(2*d^2))-N*f*%e^(-(x-a)^2/(2*b^2)))/(sqrt(2)*sqrt(%pi)*N*((d-b)*f-d))",
	"The resolution of the smaller gaussian (b) is accepted to use in SVD Cluster Grouping.",
	"Resolution is calculated for 3 types, 2 sides of sensors, and also for 6 cluster sizes.",
	"TYPEs -> 0: L3, 1: Sensor 1 of L456, 2: Other Sensors of L456",
	"SIDEs -> 0: V, 1: U"
    ],

    "parsForCoG3In3Samples": {
	"_COMMENT": "judged from data, only for testing purposes",
	"acceptSigmaN": 5,
	"clsSigma": [[[1.970758,2.199585,2.084567,1.923569,1.721239,1.699253],
		      [3.540647,2.884965,2.466926,2.153377,2.073266,2.329572]],
		     [[2.612454,2.142870,1.952462,1.874705,1.826636,1.895514],
		      [2.116417,1.979234,1.854170,1.839962,1.879517,2.071511]],
		     [[1.665622,2.017544,1.785806,1.747186,1.839628,1.898012],
		      [2.940396,2.707366,2.437951,2.321837,2.354810,2.539783]]],
	"expectedSignalTime": [-15, 0, 30],
	"fillSigmaN": 3,
	"fitRangeHalfWidth": 5,
	"formSingleSignalGroup": 0,
	"fracThreshold": 0.05,
	"includeOutOfRangeClusters": 1,
	"limitSigma": [1, 15],
	"maxGroups": 20,
	"numberOfSignalGroups": 1,
	"rebinningFactor": 2,
	"removeSigmaN": 5,
	"signalLifetime": 30,
	"tRange": [-160, 160],
	"writeGroupInfo": 1},

    "parsForCoG3In6Samples": {
	"_COMMENT": "estimated",
	"acceptSigmaN": 7,
	"clsSigma": [[[1.970758,2.199585,2.084567,1.923569,1.721239,1.699253],
		      [3.540647,2.884965,2.466926,2.153377,2.073266,2.329572]],
		     [[2.612454,2.142870,1.952462,1.874705,1.826636,1.895514],
		      [2.116417,1.979234,1.854170,1.839962,1.879517,2.071511]],
		     [[1.665622,2.017544,1.785806,1.747186,1.839628,1.898012],
		      [2.940396,2.707366,2.437951,2.321837,2.354810,2.539783]]],
	"expectedSignalTime": [-50, 0, 50],
	"fillSigmaN": 3,
	"fitRangeHalfWidth": 5,
	"formSingleSignalGroup": 0,
	"fracThreshold": 0.05,
	"includeOutOfRangeClusters": 1,
	"limitSigma": [1, 15],
	"maxGroups": 20,
	"numberOfSignalGroups": 1,
	"rebinningFactor": 2,
	"removeSigmaN": 7,
	"signalLifetime": 30,
	"tRange": [-160, 160],
	"writeGroupInfo": 1},

    "parsForCoG6In3Samples": {
	"_COMMENT": "copied from parsForCoG3In3Samples",
	"acceptSigmaN": 5,
	"clsSigma": [[[1.970758,2.199585,2.084567,1.923569,1.721239,1.699253],
		      [3.540647,2.884965,2.466926,2.153377,2.073266,2.329572]],
		     [[2.612454,2.142870,1.952462,1.874705,1.826636,1.895514],
		      [2.116417,1.979234,1.854170,1.839962,1.879517,2.071511]],
		     [[1.665622,2.017544,1.785806,1.747186,1.839628,1.898012],
		      [2.940396,2.707366,2.437951,2.321837,2.354810,2.539783]]],
	"expectedSignalTime": [-15, 0, 30],
	"fillSigmaN": 3,
	"fitRangeHalfWidth": 5,
	"formSingleSignalGroup": 0,
	"fracThreshold": 0.05,
	"includeOutOfRangeClusters": 1,
	"limitSigma": [1, 15],
	"maxGroups": 20,
	"numberOfSignalGroups": 1,
	"rebinningFactor": 2,
	"removeSigmaN": 5,
	"signalLifetime": 30,
	"tRange": [-160, 160],
	"writeGroupInfo": 1},

    "parsForCoG6In6Samples": {
	"_COMMENT": "copied from parsForCoG3In6Samples",
	"acceptSigmaN": 7,
	"clsSigma": [[[1.970758,2.199585,2.084567,1.923569,1.721239,1.699253],
		      [3.540647,2.884965,2.466926,2.153377,2.073266,2.329572]],
		     [[2.612454,2.142870,1.952462,1.874705,1.826636,1.895514],
		      [2.116417,1.979234,1.854170,1.839962,1.879517,2.071511]],
		     [[1.665622,2.017544,1.785806,1.747186,1.839628,1.898012],
		      [2.940396,2.707366,2.437951,2.321837,2.354810,2.539783]]],
	"expectedSignalTime": [-50, 0, 50],
	"fillSigmaN": 3,
	"fitRangeHalfWidth": 5,
	"formSingleSignalGroup": 0,
	"fracThreshold": 0.05,
	"includeOutOfRangeClusters": 1,
	"limitSigma": [1, 15],
	"maxGroups": 20,
	"numberOfSignalGroups": 1,
	"rebinningFactor": 2,
	"removeSigmaN": 7,
	"signalLifetime": 30,
	"tRange": [-160, 160],
	"writeGroupInfo": 1},

    "parsForELS3In3Samples": {
	"_COMMENT": "copied from parsForCoG3In3Samples",
	"acceptSigmaN": 5,
	"clsSigma": [[[1.970758,2.199585,2.084567,1.923569,1.721239,1.699253],
		      [3.540647,2.884965,2.466926,2.153377,2.073266,2.329572]],
		     [[2.612454,2.142870,1.952462,1.874705,1.826636,1.895514],
		      [2.116417,1.979234,1.854170,1.839962,1.879517,2.071511]],
		     [[1.665622,2.017544,1.785806,1.747186,1.839628,1.898012],
		      [2.940396,2.707366,2.437951,2.321837,2.354810,2.539783]]],
	"expectedSignalTime": [-15, 0, 30],
	"fillSigmaN": 3,
	"fitRangeHalfWidth": 5,
	"formSingleSignalGroup": 0,
	"fracThreshold": 0.05,
	"includeOutOfRangeClusters": 1,
	"limitSigma": [1, 15],
	"maxGroups": 20,
	"numberOfSignalGroups": 1,
	"rebinningFactor": 2,
	"removeSigmaN": 5,
	"signalLifetime": 30,
	"tRange": [-160, 160],
	"writeGroupInfo": 1},

    "parsForELS3In6Samples": {
	"_COMMENT": "copied from parsForCoG3In6Samples",
	"acceptSigmaN": 7,
	"clsSigma": [[[1.970758,2.199585,2.084567,1.923569,1.721239,1.699253],
		      [3.540647,2.884965,2.466926,2.153377,2.073266,2.329572]],
		     [[2.612454,2.142870,1.952462,1.874705,1.826636,1.895514],
		      [2.116417,1.979234,1.854170,1.839962,1.879517,2.071511]],
		     [[1.665622,2.017544,1.785806,1.747186,1.839628,1.898012],
		      [2.940396,2.707366,2.437951,2.321837,2.354810,2.539783]]],
	"expectedSignalTime": [-50, 0, 50],
	"fillSigmaN": 3,
	"fitRangeHalfWidth": 5,
	"formSingleSignalGroup": 0,
	"fracThreshold": 0.05,
	"includeOutOfRangeClusters": 1,
	"limitSigma": [1, 15],
	"maxGroups": 20,
	"numberOfSignalGroups": 1,
	"rebinningFactor": 2,
	"removeSigmaN": 7,
	"signalLifetime": 30,
	"tRange": [-160, 160],
	"writeGroupInfo": 1}
}
