{
    "_COMMENT": "First version for release-08",

    "uniqueID": {
	"INFO": { "source": "MC",
		  "usedFor": "CoG3",
		  "tag": "rel08-v1"
		}
    },

    "_DESCRIPTION": [
	"Details about clsSigma :",
	"Residual of svdClusterTime (w.r.t. cdcEventT0) is fitted with the following function.",
	"Normalized double-gaussian = (-N*(1-f)*%e^(-(x-c)^2/(2*d^2))-N*f*%e^(-(x-a)^2/(2*b^2)))/(sqrt(2)*sqrt(%pi)*N*((d-b)*f-d))",
	"The resolution of the smaller gaussian (b) is accepted to use in SVD Cluster Grouping.",
	"Resolution is calculated for 3 types, 2 sides of sensors, and also for 6 cluster sizes.",
	"TYPEs -> 0: L3, 1: Sensor 1 of L456, 2: Other Sensors of L456",
	"SIDEs -> 0: V, 1: U"
    ],

    "parsForCoG3In3Samples": {
	"_COMMENT": "judged from data, only for testing purposes",
	"acceptSigmaN": 5,
	"clsSigma": [[[2.041699, 2.360614, 2.191450, 1.981013, 1.804217, 1.620473],
		      [3.588047, 3.452579, 2.936311, 2.683355, 2.534207, 2.289531]],
		     [[2.106950, 2.052958, 1.989551, 1.872011, 1.645260, 1.590471],
		      [3.391858, 2.228031, 2.117727, 2.085184, 1.996758, 1.991397]],
		     [[1.686330, 1.991951, 1.849774, 1.773729, 1.632046, 1.562953],
		      [3.279839, 3.224299, 2.940438, 2.791149, 2.633135, 2.566566]]],
	"expectedSignalTime": [-15, 0, 30],
	"fillSigmaN": 3,
	"fitRangeHalfWidth": 5,
	"formSingleSignalGroup": 0,
	"fracThreshold": 0.05,
	"includeOutOfRangeClusters": 1,
	"limitSigma": [1, 15],
	"maxGroups": 20,
	"numberOfSignalGroups": 1,
	"rebinningFactor": 2,
	"removeSigmaN": 5,
	"signalLifetime": 30,
	"tRange": [-160, 160],
	"writeGroupInfo": 1},

    "parsForCoG3In6Samples": {
	"_COMMENT": "estimated",
	"acceptSigmaN": 7,
	"clsSigma": [[[2.041699, 2.360614, 2.191450, 1.981013, 1.804217, 1.620473],
		      [3.588047, 3.452579, 2.936311, 2.683355, 2.534207, 2.289531]],
		     [[2.106950, 2.052958, 1.989551, 1.872011, 1.645260, 1.590471],
		      [3.391858, 2.228031, 2.117727, 2.085184, 1.996758, 1.991397]],
		     [[1.686330, 1.991951, 1.849774, 1.773729, 1.632046, 1.562953],
		      [3.279839, 3.224299, 2.940438, 2.791149, 2.633135, 2.566566]]],
	"expectedSignalTime": [-50, 0, 50],
	"fillSigmaN": 3,
	"fitRangeHalfWidth": 5,
	"formSingleSignalGroup": 0,
	"fracThreshold": 0.05,
	"includeOutOfRangeClusters": 1,
	"limitSigma": [1, 15],
	"maxGroups": 20,
	"numberOfSignalGroups": 1,
	"rebinningFactor": 2,
	"removeSigmaN": 5,
	"signalLifetime": 30,
	"tRange": [-160, 160],
	"writeGroupInfo": 1},

    "parsForCoG6In3Samples": {
	"_COMMENT": "copied from parsForCoG3In3Samples",
	"acceptSigmaN": 5,
	"clsSigma": [[[2.041699, 2.360614, 2.191450, 1.981013, 1.804217, 1.620473],
		      [3.588047, 3.452579, 2.936311, 2.683355, 2.534207, 2.289531]],
		     [[2.106950, 2.052958, 1.989551, 1.872011, 1.645260, 1.590471],
		      [3.391858, 2.228031, 2.117727, 2.085184, 1.996758, 1.991397]],
		     [[1.686330, 1.991951, 1.849774, 1.773729, 1.632046, 1.562953],
		      [3.279839, 3.224299, 2.940438, 2.791149, 2.633135, 2.566566]]],
	"expectedSignalTime": [-15, 0, 30],
	"fillSigmaN": 3,
	"fitRangeHalfWidth": 5,
	"formSingleSignalGroup": 0,
	"fracThreshold": 0.05,
	"includeOutOfRangeClusters": 1,
	"limitSigma": [1, 15],
	"maxGroups": 20,
	"numberOfSignalGroups": 1,
	"rebinningFactor": 2,
	"removeSigmaN": 5,
	"signalLifetime": 30,
	"tRange": [-160, 160],
	"writeGroupInfo": 1},

    "parsForCoG6In6Samples": {
	"_COMMENT": "copied from parsForCoG3In6Samples",
	"acceptSigmaN": 7,
	"clsSigma": [[[2.041699, 2.360614, 2.191450, 1.981013, 1.804217, 1.620473],
		      [3.588047, 3.452579, 2.936311, 2.683355, 2.534207, 2.289531]],
		     [[2.106950, 2.052958, 1.989551, 1.872011, 1.645260, 1.590471],
		      [3.391858, 2.228031, 2.117727, 2.085184, 1.996758, 1.991397]],
		     [[1.686330, 1.991951, 1.849774, 1.773729, 1.632046, 1.562953],
		      [3.279839, 3.224299, 2.940438, 2.791149, 2.633135, 2.566566]]],
	"expectedSignalTime": [-50, 0, 50],
	"fillSigmaN": 3,
	"fitRangeHalfWidth": 5,
	"formSingleSignalGroup": 0,
	"fracThreshold": 0.05,
	"includeOutOfRangeClusters": 1,
	"limitSigma": [1, 15],
	"maxGroups": 20,
	"numberOfSignalGroups": 1,
	"rebinningFactor": 2,
	"removeSigmaN": 5,
	"signalLifetime": 30,
	"tRange": [-160, 160],
	"writeGroupInfo": 1},

    "parsForELS3In3Samples": {
	"_COMMENT": "copied from parsForCoG3In3Samples",
	"acceptSigmaN": 5,
	"clsSigma": [[[2.041699, 2.360614, 2.191450, 1.981013, 1.804217, 1.620473],
		      [3.588047, 3.452579, 2.936311, 2.683355, 2.534207, 2.289531]],
		     [[2.106950, 2.052958, 1.989551, 1.872011, 1.645260, 1.590471],
		      [3.391858, 2.228031, 2.117727, 2.085184, 1.996758, 1.991397]],
		     [[1.686330, 1.991951, 1.849774, 1.773729, 1.632046, 1.562953],
		      [3.279839, 3.224299, 2.940438, 2.791149, 2.633135, 2.566566]]],
	"expectedSignalTime": [-15, 0, 30],
	"fillSigmaN": 3,
	"fitRangeHalfWidth": 5,
	"formSingleSignalGroup": 0,
	"fracThreshold": 0.05,
	"includeOutOfRangeClusters": 1,
	"limitSigma": [1, 15],
	"maxGroups": 20,
	"numberOfSignalGroups": 1,
	"rebinningFactor": 2,
	"removeSigmaN": 5,
	"signalLifetime": 30,
	"tRange": [-160, 160],
	"writeGroupInfo": 1},

    "parsForELS3In6Samples": {
	"_COMMENT": "copied from parsForCoG3In6Samples",
	"acceptSigmaN": 7,
	"clsSigma": [[[2.041699, 2.360614, 2.191450, 1.981013, 1.804217, 1.620473],
		      [3.588047, 3.452579, 2.936311, 2.683355, 2.534207, 2.289531]],
		     [[2.106950, 2.052958, 1.989551, 1.872011, 1.645260, 1.590471],
		      [3.391858, 2.228031, 2.117727, 2.085184, 1.996758, 1.991397]],
		     [[1.686330, 1.991951, 1.849774, 1.773729, 1.632046, 1.562953],
		      [3.279839, 3.224299, 2.940438, 2.791149, 2.633135, 2.566566]]],
	"expectedSignalTime": [-50, 0, 50],
	"fillSigmaN": 3,
	"fitRangeHalfWidth": 5,
	"formSingleSignalGroup": 0,
	"fracThreshold": 0.05,
	"includeOutOfRangeClusters": 1,
	"limitSigma": [1, 15],
	"maxGroups": 20,
	"numberOfSignalGroups": 1,
	"rebinningFactor": 2,
	"removeSigmaN": 5,
	"signalLifetime": 30,
	"tRange": [-160, 160],
	"writeGroupInfo": 1}
}
